tag,emag_height_in,spacer_in,inner_core_dia_in,outer_coil_od_in,base_inner_At,base_outer_At,B_exit_G_at_base,scale_to_target,req_inner_At,req_outer_At,B_peak_G,y_peak_mm,B_anode_G,radial_purity_pct,shape_rmse_pct,monotonic_violation_pct,quality_score,inner_shaft_B_max_T,inner_shaft_B_mid_T,outer_shaft_B_max_T,iron_B_p99_T,iron_B_p999_T,iron_B_max_T,envelope_area_m2,n_channel_elems,min_station_count,linear_valid,build_s,solve_s,iron_mur
h1.125_ci0.750_oo1.500,1.125,0.0,0.75,1.5,338.0,214.5,303.94425643212776,0.987023092726187,333.6138053414512,211.7164533897671,317.1318125869395,-27.384375000000002,18.845939321123428,94.92105906242149,22.927694343491453,5.710604195646492,89.34108702227854,0.6146758695837851,0.5493560336823072,0.1928378349572096,0.5844076842686207,0.6824890587623675,1.0509762940955012,0.06005268520676948,18632,630,True,24.2,64.0,1500.0
h1.250_ci0.750_oo1.500,1.25,0.125,0.75,1.5,338.0,214.5,304.2174432157267,0.9861367475475888,333.314220671085,211.5263323489578,318.44494056761914,-27.384375000000002,22.660032313217826,95.61253523230475,23.21282818534332,6.148313522539714,89.41765043805555,0.6274601372840891,0.5483938372528266,0.179546969579761,0.6003650304174277,0.698351169472261,1.006305491681779,0.061614199800325106,18581,655,True,25.3,101.4,1500.0
h1.375_ci0.750_oo1.500,1.375,0.25,0.75,1.5,338.0,214.5,302.7333378941367,0.9909711367993025,334.94824423816425,212.5633088434504,317.72321249216174,-27.384375000000002,25.061578442532866,95.92497328328416,23.621611825044138,5.907737497387245,89.42001588577592,0.6453524905384526,0.5751470243533364,0.17857056924805131,0.6087388260622297,0.7152947193534778,1.0908015265786024,0.06317571461991586,18556,633,True,24.4,107.7,1500.0
h1.500_ci0.750_oo1.500,1.5,0.375,0.75,1.5,338.0,214.5,301.31761825034874,0.9956271450106379,336.5219750135956,213.56202260478182,318.9841446875066,-27.384375000000002,27.394400691667215,96.13796474077633,23.985541324376246,6.328048229168871,89.30414096136468,0.6646207899084172,0.5835244760358395,0.1833892849850039,0.6143291959999625,0.7347689729023383,1.1303347601665654,0.06473723633897875,18367,595,True,32.0,110.2,1500.0
h1.625_ci0.750_oo1.500,1.625,0.5,0.75,1.5,338.0,214.5,302.8500431341782,0.9905892596062288,334.81916974690535,212.48139618553608,317.1049362067686,-27.384375000000002,27.72215431247267,96.25269932321177,23.93232737567985,5.701645402256209,89.45688337129775,0.677670810612299,0.5921697829452339,0.17892954174583695,0.6220395951074942,0.7431828417023069,1.1887074155658623,0.06629878147046929,19846,614,True,67.1,125.8,1500.0
h1.750_ci0.750_oo1.500,1.75,0.625,0.75,1.5,338.0,214.5,302.7000132449072,0.9910802341368823,334.9851191382662,212.58671022236126,317.00271164543744,-27.384375000000002,31.607295817588998,96.50329096054458,24.005001271006858,5.667570548479148,89.52426580906632,0.6954751556775536,0.601856577194914,0.1753408703146703,0.634939327625791,0.7551388090694499,1.1352543782886335,0.06786032430091309,17013,670,True,26.8,123.0,1500.0
h1.875_ci0.750_oo1.500,1.875,0.75,0.75,1.5,338.0,214.5,299.91529432018007,1.0002824320113848,338.09546201984807,214.56058166644203,317.1439460095031,-27.384375000000002,33.075819000402404,96.6470297612223,24.61327209785725,5.714648669834371,89.35461788170261,0.7187366213896507,0.617239566539448,0.17467185768006754,0.6501568739090424,0.7898697041301476,1.174846023197649,0.06942184989620084,16559,604,True,29.1,140.8,1500.0
h2.000_ci0.750_oo1.500,2.0,0.875,0.75,1.5,338.0,214.5,299.5346492024185,1.001553579189655,338.5251097661034,214.833242736181,318.0725022322696,-27.384375000000002,33.887971235582356,96.66175711006565,24.54050417562483,6.024167410756529,89.3388134154408,0.739231141021266,0.6289923802498143,0.17498846709709376,0.669420929719452,0.7970229225838162,1.2783275925334288,0.07098332623031177,16788,627,True,28.3,144.4,1500.0
h1.125_ci0.875_oo1.500,1.125,0.0,0.875,1.5,338.0,214.5,306.4598523045443,0.9789210486921307,330.8753144579402,209.97856494446202,316.9743628448414,-27.384375000000002,20.19211171222996,95.47032352362669,23.281384967363287,5.658120948280461,89.41741035245013,0.44753743919209055,0.40586785887883814,0.19209688776410772,0.43828236119480957,0.5203225342903315,0.8010754225819331,0.06005268520676948,18838,602,True,18.2,88.1,1500.0
h1.250_ci0.875_oo1.500,1.25,0.125,0.875,1.5,338.0,214.5,305.7248426010065,0.9812745259681829,331.67078977724583,210.48338582017522,317.35453470783375,-27.384375000000002,24.442580770017337,96.06426634007954,23.745842776953303,5.784844902611249,89.44372151170249,0.4595674868374726,0.40960155266695253,0.18084108133625473,0.4504384624336794,0.5351935940386371,0.7971799499631645,0.061614199800325106,18597,645,True,20.0,97.4,1500.0
h1.375_ci0.875_oo1.500,1.375,0.25,0.875,1.5,338.0,214.5,305.3343977147591,0.9825293260284992,332.0949121976327,210.75254043311307,317.1041439576894,-27.384375000000002,27.228221577739003,96.3173678743743,24.17713621435401,5.701381319229806,89.39387388312262,0.4725537627723244,0.4243735089267999,0.18196217426837819,0.4612300083813152,0.5495844885055444,0.8354454033544575,0.06317571461991586,18361,633,True,19.8,110.7,1500.0
h1.500_ci0.875_oo1.500,1.5,0.375,0.875,1.5,338.0,214.5,304.62766114821494,0.9848087953314149,332.86537282201823,211.2414865985885,315.67641306002105,-27.384375000000002,30.17754969301382,96.54988315073948,24.561116823119708,5.225471020007015,89.41224756166586,0.4897885592398759,0.43407294745597663,0.18270647900947964,0.4722348035020731,0.5643637731105684,0.8613137687369485,0.06473723633897875,18584,630,True,27.5,111.0,1500.0
h1.625_ci0.875_oo1.500,1.625,0.5,0.875,1.5,338.0,214.5,305.06739127915205,0.9833892725869375,332.3855741343849,210.9369989698981,317.66520261491456,-27.384375000000002,30.3801222731908,96.67880564461862,24.699446396983706,5.888400871638188,89.30951560592649,0.5047643297619658,0.44215440315901916,0.17959516085655194,0.4851573552195582,0.5806286679227095,0.8831366713141959,0.06629878147046929,19998,619,True,27.8,94.1,1500.0
h1.750_ci0.875_oo1.500,1.75,0.625,0.875,1.5,338.0,214.5,304.6887657109044,0.9846112944139424,332.79861751191254,211.19912265179065,317.355340364131,-27.384375000000002,34.85719794576227,96.83840852447399,24.938252723700412,5.785113454710332,89.2972875120642,0.5219050074986463,0.451094027923311,0.17496875347795152,0.4989406541011319,0.5953982902705424,0.9268897954609754,0.06786032430091309,16892,593,True,26.3,89.2,1500.0
h1.875_ci0.875_oo1.500,1.875,0.75,0.875,1.5,338.0,214.5,301.97920202557117,0.9934458995444211,335.7847140460143,213.09414545227833,318.5755857463412,-27.384375000000002,36.690808459123765,96.89472919227728,25.670742143585063,6.191861915447058,88.99961617972522,0.5451763176810217,0.4647997241298036,0.17563951323217764,0.520734213929778,0.6188951762411613,0.9799818807398833,0.06942184989620084,16553,571,True,29.8,95.3,1500.0
h2.000_ci0.875_oo1.500,2.0,0.875,0.875,1.5,338.0,214.5,303.16695154339715,0.9895537705304801,334.46917443930226,212.259283778788,318.3850520151501,-27.384375000000002,37.68955693365022,96.93232016872572,25.443233540919913,6.128350671716703,89.10192771897452,0.5613092404205151,0.474431338315869,0.17524873864057336,0.5341049143333888,0.6340185455264369,0.92666422622834,0.07098332623031177,16572,590,True,28.0,106.1,1500.0
h1.125_ci1.000_oo1.500,1.125,0.0,1.0,1.5,338.0,214.5,310.6645913335535,0.9656716869863576,326.3970302013889,207.1365768585737,316.90333345369265,-27.384375000000002,21.683029775159152,95.87800823894067,23.562488615666254,5.634444484564217,89.46526519546141,0.3393595200510917,0.3120869319815725,0.19019240238489707,0.33814659587330476,0.4242960497254418,0.64369549977937,0.06005268520676948,18671,602,True,18.6,90.2,1500.0
h1.250_ci1.000_oo1.500,1.25,0.125,1.0,1.5,338.0,214.5,308.2068216975532,0.9733723554451151,328.9998561404489,208.7883702429772,317.5817454286528,-27.384375000000002,26.75629075415115,96.36470880751116,24.534814456572835,5.860581809550941,89.26137575139578,0.35210357223719846,0.31692652717697223,0.17989331620738178,0.3496956624097917,0.4377245093582843,0.7125216118903653,0.061614199800325106,18577,639,True,44.7,91.9,1500.0
h1.375_ci1.000_oo1.500,1.375,0.25,1.0,1.5,338.0,214.5,308.26708615261373,0.9731820667078257,328.9355385472451,208.7475533088286,315.3527289652662,-29.130625000000002,29.940727856366554,96.5989608633862,24.966075622907084,5.117576321755394,89.30387338590438,0.36466518104873114,0.327631471429544,0.18158922473663178,0.3592703042454573,0.44804636005762394,0.6719330857237142,0.06317571461991586,18528,629,True,28.3,98.7,1500.0
h1.500_ci1.000_oo1.500,1.5,0.375,1.0,1.5,338.0,214.5,307.2544877188121,0.9763893189236308,330.01958979618723,209.4355089091188,318.3718338856803,-27.384375000000002,33.487040988674686,96.78090464133588,25.483614447365667,6.123944628560101,89.03545987360555,0.3807245469406659,0.33662781164266,0.182128550319153,0.3728479494976544,0.4665174688676882,0.7265707696924153,0.06473723633897875,18305,607,True,27.4,108.1,1500.0
h1.625_ci1.000_oo1.500,1.625,0.5,1.0,1.5,338.0,214.5,306.07410921197015,0.9801547761501005,331.29231433873395,210.24319948419657,319.84411779911767,-27.384375000000002,33.976900858901395,96.89944415138163,26.099093263587637,6.6147059330392235,88.78791692077202,0.3994936874703896,0.34617695579650665,0.18027315658424645,0.39084294538296327,0.4865420793076764,0.8382749088085689,0.06629878147046929,19991,636,True,28.8,110.9,1500.0
h1.750_ci1.000_oo1.500,1.75,0.625,1.0,1.5,338.0,214.5,306.9757094249476,0.9772760214871233,330.3192952626477,209.62570660898797,316.20091307235555,-27.384375000000002,39.2341581634517,96.9344204855916,26.150082759058822,5.400304357451849,88.96447255066869,0.41682458404056255,0.35310914887975264,0.17481143480633138,0.40523304932027543,0.5025847021257526,0.7973256481844463,0.06786032430091309,17039,615,True,27.4,119.6,1500.0
h1.875_ci1.000_oo1.500,1.875,0.75,1.0,1.5,338.0,214.5,303.4742093395148,0.9885518794263404,334.130535246103,212.04437813695,320.62944404854636,-27.384375000000002,41.510497427923355,96.99702336825754,27.206275795087855,6.876481349515454,88.39528944818207,0.44080432356912475,0.36726830839789126,0.1759459494210095,0.4293747873528543,0.5329278794833509,0.85433530857338,0.06942184989620084,16242,574,True,42.4,127.9,1500.0
h2.000_ci1.000_oo1.500,2.0,0.875,1.0,1.5,338.0,214.5,306.52322260870596,0.978718667534586,330.80690962669007,209.93515418616872,317.1966032483934,-27.384375000000002,42.54086840562398,96.98702200838298,26.63538076995078,5.732201082797796,88.7632442710316,0.45559563107234613,0.37480943635945285,0.1746358526358233,0.446541994361081,0.5457034847147413,0.9501882725532224,0.07098332623031177,16721,632,True,24.2,144.3,1500.0
h1.500_ci1.000_oo1.625,1.5,0.375,1.0,1.625,338.0,214.5,308.40164649607107,0.9727574525248908,328.7920189534131,208.65647356658906,317.3627316981845,-27.384375000000002,32.96963391964565,96.76636212748836,25.252011145430934,5.7875772327281725,89.16188625881088,0.37972410633960696,0.33570802983211473,0.17824005021038794,0.3718940675055176,0.46319687704895274,0.8475528994798244,0.06524340339754649,18730,651,True,28.6,116.4,1500.0
